segment,method,target_interactions,target_users,hits_at_10,hits_at_20,hits_at_50,recall_at_10,recall_at_20,recall_at_50,hitrate_at_50,ndcg_at_10,ndcg_at_20,ndcg_at_50,metric_definition
Head,Popularity,920,766,2,4,14,0.002173913043478261,0.004347826086956522,0.015217391304347827,0.018276762402088774,0.001258829095175967,0.0018855385670883225,0.00392604031953012,micro interaction Recall; per-segment target interactions are the denominator
Head,ItemCF,920,766,53,99,249,0.057608695652173914,0.10760869565217392,0.27065217391304347,0.293733681462141,0.02741438446896285,0.03975314000457683,0.07362930521587656,micro interaction Recall; per-segment target interactions are the denominator
Head,Two-Tower,920,766,2,2,6,0.002173913043478261,0.002173913043478261,0.006521739130434782,0.007832898172323759,0.0008768564802790483,0.0008768564802790483,0.0019051499951567282,micro interaction Recall; per-segment target interactions are the denominator
Head,Ranker,920,766,192,225,250,0.20869565217391303,0.24456521739130435,0.2717391304347826,0.2963446475195822,0.13149326318611484,0.14123601417725365,0.1471051803781428,micro interaction Recall; per-segment target interactions are the denominator
Torso,Popularity,337,315,0,0,0,0.0,0.0,0.0,0.0,0.0,0.0,0.0,micro interaction Recall; per-segment target interactions are the denominator
Torso,ItemCF,337,315,46,69,87,0.13649851632047477,0.20474777448071216,0.258160237388724,0.26666666666666666,0.06657392186670114,0.08478433627044361,0.0949052298291209,micro interaction Recall; per-segment target interactions are the denominator
Torso,Two-Tower,337,315,0,0,1,0.0,0.0,0.002967359050445104,0.0031746031746031746,0.0,0.0,0.0006753842969948038,micro interaction Recall; per-segment target interactions are the denominator
Torso,Ranker,337,315,56,65,83,0.1661721068249258,0.19287833827893175,0.24629080118694363,0.25396825396825395,0.0976908631901881,0.10429347674129053,0.11471899943137386,micro interaction Recall; per-segment target interactions are the denominator
Tail,Popularity,293,274,0,0,0,0.0,0.0,0.0,0.0,0.0,0.0,0.0,micro interaction Recall; per-segment target interactions are the denominator
Tail,ItemCF,293,274,36,50,57,0.12286689419795221,0.17064846416382254,0.1945392491467577,0.20437956204379562,0.06596868441849552,0.07857953020778521,0.08398287523127894,micro interaction Recall; per-segment target interactions are the denominator
Tail,Two-Tower,293,274,0,0,0,0.0,0.0,0.0,0.0,0.0,0.0,0.0,micro interaction Recall; per-segment target interactions are the denominator
Tail,Ranker,293,274,35,46,54,0.11945392491467577,0.15699658703071673,0.18430034129692832,0.19343065693430658,0.07825776729489857,0.08798930146766197,0.09345221057911532,micro interaction Recall; per-segment target interactions are the denominator
