method,segment,train_known_test_target_demand_share,recommendation_exposure_share,exposure_minus_demand
ItemCF,Head,0.5935483870967742,0.38058699605593105,-0.2129613910408431
ItemCF,Torso,0.21741935483870967,0.2623672347879828,0.04494787994927313
ItemCF,Tail,0.18903225806451612,0.35704576915608616,0.16801351109157003
Two-Tower,Head,0.5935483870967742,0.849870210777697,0.2563218236809228
Two-Tower,Torso,0.21741935483870967,0.1465289170387291,-0.07089043779998055
Two-Tower,Tail,0.18903225806451612,0.003600872183573876,-0.18543138588094224
Ranker,Head,0.5935483870967742,0.5871056977704376,-0.006442689326336515
Ranker,Torso,0.21741935483870967,0.1995623451692816,-0.017857009669428076
Ranker,Tail,0.18903225806451612,0.21333195706028077,0.024299698995764646
