feature,importance,split_count,importance_fraction,rank
seen_in_train,60747.28103637695,67,0.5809407735422893,1
category_id,14140.557920575142,1188,0.13522953647553757,2
user_item_interaction_count,4546.067976355553,136,0.04347513504642836,3
recency_since_last_user_item_interaction_days,3590.1039208471775,382,0.03433302220761509,4
category_popularity,1976.3149068057537,262,0.01889997200097513,5
user_item_cart_count,1837.7429119050503,93,0.0175747748804537,6
user_category_interaction_count,1092.0103956758976,137,0.01044315651922408,7
user_last_train_timestamp,1039.3160268962383,213,0.009939227671086062,8
user_category_affinity,1030.1128185987473,244,0.009851215189602098,9
itemcf_score,1023.2656606137753,230,0.00978573418060066,10
itemcf_rank,965.2727604806423,263,0.00923113421022292,11
item_popularity_rank,918.3356427550316,262,0.008782263330503493,12
item_buy_user_count,818.6975890994072,95,0.007829400799416969,13
rrf_score,814.074837744236,264,0.00778519232288353,14
item_popularity_percentile,755.5967866182327,211,0.007225952737558839,15
user_unique_items,751.6890150010586,104,0.007188581783215248,16
user_total_interactions,712.9033063650131,86,0.00681766477766372,17
user_activity_span_days,682.7160196602345,175,0.006528976536968381,18
user_cart_count,600.237525999546,97,0.005740214981053633,19
user_buy_ratio,590.5431775450706,148,0.005647505608814257,20
user_item_pv_count,493.6856099665165,104,0.004721233530911465,21
user_cart_ratio,486.4871160387993,151,0.0046523926122833,22
user_unique_categories,483.77609395980835,138,0.004626466459922404,23
user_item_fav_count,432.0476639866829,32,0.004131775115552271,24
user_pv_count,407.6828971505165,57,0.0038987690245553095,25
user_item_buy_count,398.6280252337456,28,0.003812175119348174,26
user_category_cart_count,389.143529266119,72,0.0037214726166173565,27
item_pv_count,375.66690078377724,135,0.003592592396108633,28
item_unique_users,362.0452633202076,105,0.003462325420040024,29
user_category_pv_count,345.6140268743038,83,0.003305189577113598,30
item_cart_count,339.6897124648094,71,0.003248533941881159,31
item_buy_ratio,313.12395390868187,80,0.002994479240797621,32
user_buy_count,213.55227202177048,55,0.002042251438805135,33
user_category_buy_count,195.97803249955177,36,0.001874184784161918,34
item_fav_count,163.92627304792404,56,0.001567666144783313,35
user_fav_count,157.27391177415848,37,0.0015040480233080506,36
item_total_interactions,133.80077576637268,25,0.00127956881111647,37
item_buy_count,111.78764879703522,25,0.001069052014455339,38
log1p_user_total_interactions,58.89017754793167,10,0.0005631808488391666,39
two_tower_score,22.397386014461517,19,0.000214191557787992,40
log1p_item_total_interactions,11.237952888011932,4,0.00010747123052114844,41
popularity_rank,8.590889930725098,4,8.215673453406895e-05,42
is_itemcf_top50,8.43075978755951,2,8.062537168702485e-05,43
two_tower_rank,7.853715121746063,9,7.51069555734646e-05,44
is_itemcf_top10,6.171899795532227,1,5.902335347807417e-05,45
from_two_tower,4.423059940338135,1,4.229877978613145e-05,46
popularity_score,2.335411012172699,3,2.2334093918349074e-05,47
from_itemcf,0.0,0,0.0,48
from_popularity,0.0,0,0.0,49
is_tt_top20,0.0,0,0.0,50
is_tt_top50,0.0,0,0.0,51
recall_source_count,0.0,0,0.0,52
