user_id,item_id,ranking_score,itemcf_rank,two_tower_rank,popularity_rank,recall_source_count,rrf_score,label,rank
82400,2331370,-0.0381013,50,92,3,3,0.03154287,0,1
82400,3057573,-0.72878176,32,999,999,1,0.010869565,0,2
82400,138964,-0.99567837,999,62,14,2,0.021710236,0,3
82400,2121739,-1.278875,19,999,999,1,0.012658228,0,4
82400,4643729,-1.608523,43,999,999,1,0.009708738,0,5
82400,1969666,-2.001002,44,999,999,1,0.009615385,0,6
82400,1634525,-2.034184,45,999,999,1,0.00952381,0,7
82400,1498554,-2.3587008,27,999,999,1,0.011494253,0,8
82400,2214591,-2.3829954,17,999,999,1,0.012987013,0,9
82400,3186790,-2.4567986,999,27,999,1,0.011494253,0,10
443800,4750235,1.2802979,3,999,999,1,0.015873017,0,1
443800,1196140,0.85882366,24,999,999,1,0.011904762,1,2
443800,4269144,0.81698245,9,999,999,1,0.014492754,0,3
443800,512779,0.5537546,21,999,999,1,0.012345679,0,4
443800,691428,0.09087738,20,999,999,1,0.0125,0,5
443800,4518734,0.0010872107,5,999,999,1,0.015384615,0,6
443800,3031056,-0.15203789,16,999,999,1,0.013157895,0,7
443800,17489,-0.6466083,22,999,999,1,0.0121951215,0,8
443800,1569991,-0.86557335,25,999,999,1,0.011764706,0,9
443800,745433,-1.0654863,43,999,999,1,0.009708738,0,10
448100,26390,1.4677634,22,999,999,1,0.0121951215,1,1
448100,1828364,0.842706,33,999,999,1,0.010752688,0,2
448100,334398,0.031449895,7,999,999,1,0.014925373,0,3
448100,3023123,-0.053442586,32,999,999,1,0.010869565,0,4
448100,2112625,-0.21614976,25,999,999,1,0.011764706,0,5
448100,1546409,-0.23625001,27,999,999,1,0.011494253,0,6
448100,1456731,-0.24694948,10,999,999,1,0.014285714,0,7
448100,4536625,-0.29282564,26,999,999,1,0.011627907,0,8
448100,4654571,-0.29875877,44,999,999,1,0.009615385,0,9
448100,1582707,-0.50803953,14,999,999,1,0.013513514,0,10
668300,3170667,1.5838709,14,999,999,1,0.013513514,0,1
668300,1981369,1.2372428,32,999,999,1,0.010869565,0,2
668300,1624340,0.78526545,38,999,999,1,0.010204081,0,3
668300,2728359,0.46582592,40,999,999,1,0.01,0,4
668300,3060043,0.399923,26,999,999,1,0.011627907,0,5
668300,2833074,0.19313012,48,999,999,1,0.009259259,0,6
668300,1594958,0.13429458,31,999,999,1,0.010989011,0,7
668300,851572,0.050742984,34,999,999,1,0.010638298,0,8
668300,942781,-0.0011414788,8,999,999,1,0.014705882,0,9
668300,3654430,-0.60463536,2,999,999,1,0.016129032,0,10
787000,1153386,2.0333543,37,999,999,1,0.010309278,0,1
787000,3924494,0.16371424,29,999,999,1,0.011235955,0,2
787000,2157244,-0.24873886,36,999,999,1,0.010416667,0,3
787000,4431750,-0.7554932,4,999,999,1,0.015625,0,4
787000,2725482,-0.76282924,43,999,999,1,0.009708738,0,5
787000,1315169,-0.8166972,35,999,999,1,0.010526316,0,6
787000,2266718,-0.82531345,26,999,999,1,0.011627907,0,7
787000,4551433,-0.86591643,45,999,999,1,0.00952381,0,8
787000,554348,-1.0205619,31,999,999,1,0.010989011,0,9
787000,1446825,-1.2415892,41,999,999,1,0.00990099,0,10
