user_id,target_item,target_segment,generative_hit,history_item_ids,history_behaviors,generated_top10,target_sid,max_generated_sid_prefix_match,failure_mode
278500,264220,Head,True,1503056 3264894 3923568 3339954 1267907 2376817 4452097 2376817 3188392 1987582 1298000 3188277 2516887 1482175 841315 1487735 466152 4427292 3483216 4427292 466152 4427292 3483216 2521986 3504281 3295343 3504281 2260807 3721044 2848573,PV PV PV PV PV PV PV CART PV FAV PV PV PV PV PV PV PV PV PV PV PV PV PV PV PV PV PV PV PV PV,2376817 2516887 2521986 3923568 3282497 1945163 227249 2540317 954937 69656,93-62-111-0,0,generative recovered ItemCF miss
82600,1248765,Head,True,3272732 4420460 769308 3296001 558964 4537113 584765 1723712 3038864 3714559 3068843 2845826 3068843 3714559 3068843 636598 2847189 3945531 1099675 3945531 3296001 2570965 2673511 618336 229455 4156740 1848050 4156740 1061335 4373049,CART CART PV CART PV PV PV PV PV PV PV PV PV PV PV PV PV PV PV CART PV PV PV PV PV CART PV PV PV PV,4156740 4931701 518738 4923968 4366869 10108 4269763 1512514 4011044 3878045,51-107-54-0,2,generative recovered ItemCF miss
241000,4619479,Head,False,4966769 98856 4374484 2394167 2487688 98856 619829 4100346 4625946 2623600 98856,PV PV PV PV PV PV PV PV PV PV PV,1072043 3930481 2990741 3557522 3143963 1581980 2584896 2631851 3544466 524308,110-16-23-0,0,both ItemCF and Generative missed
644200,3090923,Torso,False,3003170 2789594 2652689 2013167 2388323 3283614 4743082 3961511 1621945 3588362 1621945 4815929 3510307 2591371 2890705 2591371 312700 1531211 4191823 972183 4334002 3599722 4334002 4162495 4733272 3340595 3873333 3042574 3987055 4804590,PV PV PV PV PV PV PV PV PV PV PV PV PV PV PV PV PV PV PV PV CART PV PV PV PV PV PV PV PV PV,1619856 3356614 630256 1994199 5129570 1907920 3780003 2806416 4369490 3557522,83-68-22-0,0,both ItemCF and Generative missed
1012000,4543941,Head,False,3084376 5020182 1232598 4513123 915153 4481614 4220800 9132 472198 4220800 4663997 4481614 4220800 4296726 2222093 774066 1077451 9132 2787279 1218599 3657038 4795914 1331682 1594981 1584469 2845244 3087588 1463082 1584469 4220800,PV PV PV PV PV PV PV CART PV CART PV PV PV PV PV PV PV PV PV PV PV PV PV CART CART PV PV PV BUY PV,1584469 1594981 3087588 3531238 591135 3352622 1702053 4049574 1357791 4669646,109-117-80-1,0,both ItemCF and Generative missed
341100,2809976,Head,False,3189426 3964583 782262 4430069 239671 834058 890126 260659 3032611 2372014 1586800 4406714 2469635 3964583 3169685 4811696 782262 3053302 2379066 3921727 2833629 4163987 962980 3734342 4578717 4851887 4300616 2985291 2074513 2625125,PV BUY PV PV PV PV PV PV PV PV PV PV PV PV FAV PV PV PV PV PV PV PV PV PV PV PV PV PV PV PV,3053302 3964583 3921727 3189426 3032611 4899777 1109681 769696 2727338 4013353,27-49-24-0,0,both ItemCF and Generative missed
399500,806439,Head,False,1187284 1190393 1187284 595926 4436000 2424103 1061335 5079942,PV PV PV PV PV PV PV PV,226451 1170310 1133965 4014543 1044624 2860836 648038 3733362 4955650 298635,81-3-120-0,0,both ItemCF and Generative missed
1016600,1321187,Tail,False,4717551 417225 849045 176859 2974317 176859 1632627 176859 1632627 176859 1632627 176859 1632627 2735393 1632627 3640656 1917905 1820847 1318572 559519 4320826 4217332 1318572 3568228 4717791 3185979 4030933 4475842 4984617 1471215,PV PV PV FAV PV PV FAV PV PV PV PV PV PV PV BUY PV PV PV PV PV PV PV PV PV PV PV PV PV PV PV,1471215 3185979 4717791 4513902 840705 46015 693716 3316768 1969473 1109425,58-125-102-0,0,both ItemCF and Generative missed
530600,4442733,Torso,False,3788742 1118186 1389218 2886939 525090 3901167 1447394 1355970 4402979 1414882 3447139 1471239 1355970 3320403 4402979 4712091 1836862 2456761 1417218 1535294 2494980 4321052 4107146 4220320 735962 4220320 1118243 569173 4220320 4622270,PV PV PV PV PV PV PV PV CART PV PV PV PV PV PV PV PV PV PV PV PV PV PV PV PV PV PV PV PV PV,2886939 1535294 1471239 3452114 517046 4308573 1951065 1696269 1355970 520632,26-125-69-0,0,both ItemCF and Generative missed
754400,4373449,Tail,False,4644067 4101964 4742753 3130709 315172 1948307 4644067 4994254,BUY PV FAV PV PV PV PV FAV,4644067 716369 4678484 1772011 3943878 268669 4438421 2931415 3760718 439287,50-87-9-0,0,both ItemCF and Generative missed
414800,4113589,Head,False,4736400 4100345 3148330 4279926 4736400 3148330 4736400 2521740 4736400 4045237 4736400 2955320 3853627 386100 3853627 638320 3550343 454408 4716208 968182 1365115 1997645 2609780 1284566 1500790 4100345 3148330 1682720 636922 2851290,PV PV PV FAV PV FAV PV FAV PV FAV PV PV PV PV BUY PV PV PV PV PV PV PV CART PV PV PV PV PV PV PV,636922 4716208 157363 4735295 3853627 2694823 3635635 286507 3305997 2927146,38-61-2-0,0,both ItemCF and Generative missed
236800,3237415,Head,False,5048117 4667522 1254150 1728651 348958 2748179 1441397 307182 1441397 307182 1441397 307182 1728651 2848150 1728651 3321548 3684964 181327 910079 4927482 1458815 1728651 1631587 3151081 3330647 402636 4691682 402636 307182 4691682,PV PV PV PV PV PV PV PV PV PV PV PV PV PV PV PV CART PV PV PV PV FAV PV PV PV CART CART PV PV PV,910079 2848150 3147600 3812462 1854236 570801 4426387 3377252 550609 1338133,63-68-93-0,0,both ItemCF and Generative missed
359600,2996253,Head,False,1866919 5062668 2046552 2577508 1854484 2787017 3880817 2596983 2046552 4205936 2963075 4205936 1963057 3757664 739337 1634693 1737992 527252 3757664 1634693 1737992 527252 3957028 1936758 4333338 3028282 1675383 1812769 4333338 1812769,PV PV PV PV PV PV PV PV PV PV PV BUY PV PV PV PV PV PV PV PV PV PV PV PV FAV PV PV FAV PV PV,527252 1963057 3757664 4145595 4129359 2824629 648564 954928 928592 2728942,59-54-58-0,0,both ItemCF and Generative missed
191900,919216,Tail,False,559692 3880706 4036199 3645428,CART PV PV PV,3645428 1056840 4772812 1381302 1081560 4235765 2232970 1397311 2271864 3058480,102-74-120-0,0,both ItemCF and Generative missed
812200,65043,Head,False,978740 2399303 3811445 3966678 635165 2258424 2978947 2688051 4037669 3453693 2956135 2237082 885628 1828303 4674467 2306421 486687 41399 4076578 3811445 341868 2748220 693077 62810 2473024 1745232 2384033 4177034 1173765 1864727,PV PV PV PV PV PV PV CART PV PV PV PV PV PV PV PV PV PV PV PV PV PV PV PV CART PV PV PV PV PV,2384033 2111530 2537450 3821335 4513902 2337412 2462827 1441864 305955 4991256,34-101-2-0,0,both ItemCF and Generative missed
760800,538391,Head,False,3117703 3249078 4902631 1458238 2090606 2214835 134206 5140296 2557443 188199 4986260 2667151 210490 720098 4315115 978353 792301 1837752 3944067 2712236 1578133 583236 1682700 2246969 2011143 543185 2033365 4525408 2501963 4371751,PV PV PV PV PV PV PV PV PV PV PV PV PV PV PV PV PV PV PV PV PV PV PV PV PV PV PV PV PV PV,2897307 218806 3730670 5025524 3561154 4416272 2773892 513808 2273272 4488938,95-107-98-0,0,both ItemCF and Generative missed
1000500,5130950,Tail,False,4392559 3490846 3126886 4984314 3126886 4984314 1895684 4710276 703021 1125940 703021 574813 2579230 703021 4984314 703357 4619231 2772636 704474 3795049 4984314 2785449 5029117 2887598 2785449 1400393 1760417 770331 834713 1636961,PV PV PV CART PV BUY PV PV CART PV PV PV PV PV PV PV PV PV PV PV PV PV PV PV PV PV PV PV PV PV,4984314 2507213 1636961 2070940 3557522 1044403 1674720 1118117 4520806 1495445,20-102-72-0,0,both ItemCF and Generative missed
355100,3566348,Head,False,1629105 3122676 1464478 4875391 2933255 4382125 2430856 3755965 1002003 2834968 3469419 131720 1028889 4663975 4282789 3714680 2191697 1304612 4282789 4138430 1634556 2295508 876628 3272859 3125101 1715482 2553189 957170 2490345 4565512,PV PV FAV PV PV PV PV PV PV PV PV FAV PV PV PV PV PV PV PV FAV PV FAV PV PV PV PV PV PV PV PV,2430856 3122676 1828299 890796 2677467 2368352 3597021 4772576 3738583 125342,20-111-42-0,0,both ItemCF and Generative missed
668200,3162930,Tail,False,3955504 4654411 2658989 1567727 2551545 3199004 2914093 2960994 954057 235951 893490 4199109 3451203 3371523 2367945 1591862 3371523 2367945 1591862 3371523 2367945 1591862 1822442 2046143,PV PV PV PV PV PV PV PV PV PV PV PV PV PV PV PV PV PV PV PV PV PV PV PV,1822442 2811503 3825873 3514835 112730 3060027 2046591 1811418 319993 1259750,6-37-71-0,0,both ItemCF and Generative missed
499700,641338,Head,False,4349982 745045 1217286 96878 1088155 4787356 4504118 2471481 99322 1015236 2714989 1489935 4543941 760737 544133 2221979 2420640 281000 4092715 1844461 4823308 826890 2330320 5096201 2707058 1607451 2481552 3309772 1116492 4870681,PV PV PV PV PV PV PV PV PV PV PV PV PV PV PV PV PV PV PV PV PV PV PV PV PV PV PV PV PV PV,4092715 2481552 3309772 1607451 341324 760737 3733362 2338234 1360555 5111041,123-37-19-0,0,both ItemCF and Generative missed
392400,4541828,Torso,False,3796400 4479133 1087267 3109284 3100010 1444258 4091525 2560262 4479133 5111655 1854236 5111655 3085455 3655943 4007434 1622900 2641122 3109284 303859 1971465 4468179 3434824 4802770 1307261 3204648 3559114 3109284 1087267 3109284,PV PV PV BUY PV PV PV PV PV PV BUY PV PV PV PV PV PV PV PV PV PV PV PV PV PV PV PV PV PV,3559114 1854236 2560262 5111655 2584896 3529265 1444258 3109284 733396 2434871,127-64-76-0,0,both ItemCF and Generative missed
193300,2747682,Head,False,738395 4106416 738395 4106416 754608 4106416 1947644 4106416 149489 1947644 4106416 2806412 3358003 4178262 4616932 572486 4616932 3358003 3998167 4849363 466152 1178768 3361686 3862246 103032 3658708 2717894 78800 2980737 2717894,PV PV PV FAV PV PV PV PV PV PV PV PV PV PV PV FAV PV PV PV PV PV PV PV PV PV PV PV FAV PV PV,3730670 2773892 2584896 2065311 4097501 517285 1500398 3771920 2111530 1194304,113-33-92-0,0,both ItemCF and Generative missed
