epoch,train_ce,validation_recall_at_10,validation_recall_at_20,validation_ndcg_at_20,valid_generation_rate,epoch_seconds
1,2.873014091595762,0.001282051282051282,0.001282051282051282,0.00042174976402254186,1.0,62.7241793000012
2,2.420196675390989,0.006438746438746439,0.010284900284900285,0.005255078136913132,1.0,62.3278076000006
3,2.174838029304105,0.026566951566951564,0.03556980056980057,0.021805119607827828,1.0,56.84082959999978
4,1.7784637867344815,0.051680911680911684,0.052820512820512824,0.040925546769546406,1.0,58.55820290000156
5,1.4718943748757716,0.055982905982905985,0.05726495726495726,0.0453967571399837,1.0,58.42346329999964
6,1.2888706325263974,0.06075498575498575,0.060925925925925925,0.049386968705915635,1.0,58.89033490000111
7,1.1693131297697372,0.05972934472934472,0.06015669515669515,0.05042994694176072,1.0,59.04185210000105
8,1.0717671695637978,0.05887464387464387,0.061609686609686604,0.05040435681845994,1.0,51.31771490000028
9,0.9977061675848202,0.05904558404558404,0.06075498575498575,0.046835515908305814,1.0,47.46566990000065
10,0.9327251682256494,0.06331908831908832,0.06331908831908832,0.05089666600217866,1.0,47.199372299999595
