epoch,train_total_loss,train_reconstruction_loss,train_codebook_loss,train_commitment_loss,validation_total_loss,validation_reconstruction_loss,validation_codebook_loss,validation_commitment_loss,utilization_level0,utilization_level1,utilization_level2,perplexity_level0,perplexity_level1,perplexity_level2,epoch_seconds
1,0.005246707321058754,0.0037750885356339294,0.0011772950520867328,0.0011772950520867328,0.004400860933737332,0.0024909515158159957,0.0015279274709042686,0.0015279274709042686,0.796875,0.9140625,0.8671875,79.77181680958438,84.88722329860062,77.56429820653129,1.2357774999982212
2,0.004554230422338213,0.0023451198217378072,0.0017672884992250377,0.0017672884992250377,0.004715988092940619,0.002227439576031421,0.0019908388298643274,0.0019908388298643274,0.96875,0.96875,0.96875,105.44649360544972,104.93123011896992,98.33634332734648,1.1608065999989776
3,0.004817753852994951,0.002181658478836339,0.0021088763029242564,0.0021088763029242564,0.005077112299405975,0.002124365768053249,0.0023621972664512308,0.0023621972664512308,0.9921875,1.0,1.0,107.56483188512838,112.29887679997944,107.06814094886484,1.1183834000003117
4,0.005299477843395037,0.0020694610418544555,0.0025840134627683428,0.0025840134627683428,0.005451318626786388,0.002046912748044314,0.002723524710866156,0.002723524710866156,0.9921875,1.0,1.0,108.32156077361223,113.23362996419596,108.98386948236252,1.224328800000876
5,0.005419611403112789,0.002034633710568884,0.0027079821591240827,0.0027079821591240827,0.005479881904166839,0.002038241713065626,0.002753312095098071,0.002753312095098071,1.0,1.0,1.0,108.3490364783484,113.33089055760934,108.52200400492522,1.1942861000006815
6,0.005569795167971297,0.002020121874706974,0.002839738647978543,0.002839738647978543,0.005835631256992271,0.0019996329455637825,0.003068798605962451,0.003068798605962451,1.0,1.0,1.0,109.4402597912984,115.15034043448969,110.36951987771214,1.1527905999992072
7,0.00581696540449465,0.0019844513991816273,0.003066011219214657,0.003066011219214657,0.005889231063621123,0.0019916358148197562,0.0031180761963241596,0.0031180761963241596,1.0,1.0,1.0,108.76790722795558,114.82177340034687,110.69032875786087,1.0645753999997396
8,0.005872571564540343,0.001976132019952926,0.0031171516429129944,0.0031171516429129944,0.005967979129869414,0.001990146039339637,0.0031822664717549667,0.0031822664717549667,1.0,1.0,1.0,108.16764462532717,114.93250715791352,110.44935064727132,1.1500801999991381
9,0.006065521844993608,0.001966260565639464,0.0032794090243123955,0.0032794090243123955,0.00641527871129395,0.0019541995594099925,0.003568863321075101,0.003568863321075101,1.0,1.0,1.0,108.334249929585,114.49778340843862,111.20296896382318,1.1182817000008072
10,0.006587106872459009,0.0019235409532736628,0.0037308527336901154,0.0037308527336901154,0.006779989535064342,0.0019212583978582755,0.0038869849075214985,0.0038869849075214985,1.0,1.0,1.0,108.80654774499936,115.04566942403783,112.39335439518727,1.1656193999988318
11,0.006738214048160667,0.00190593149665555,0.00386582604817502,0.00386582604817502,0.006858697075357413,0.001921052689447572,0.003950115492314024,0.003950115492314024,1.0,1.0,1.0,108.43504129041922,114.4508847890094,112.65626583563841,1.1731853999990562
12,0.006915716156872177,0.0018960535738712571,0.004015730071059902,0.004015730071059902,0.007162117398060601,0.001894545204131296,0.004214057722078956,0.004214057722078956,1.0,1.0,1.0,108.12119231479282,114.05572611794338,112.68712135578289,1.18887469999936
13,0.007114598913698723,0.0018783704507988567,0.004188982772473995,0.004188982772473995,0.007210475038469517,0.001891126446149916,0.004255478853623978,0.004255478853623978,1.0,1.0,1.0,109.27998150136,115.07104466449852,113.31013688180084,1.1479597000015929
14,0.00713791630995192,0.001876223322998747,0.004209354394397186,0.004209354394397186,0.0072367680741393155,0.0018929085748453742,0.004275087573296002,0.004275087573296002,1.0,1.0,1.0,108.81049133465098,115.20542495376237,112.74968168901853,1.159512000000177
15,0.007154399299762167,0.0018738605102992573,0.00422443103257489,0.00422443103257489,0.007246674211803115,0.001888496965337966,0.00428654176410763,0.00428654176410763,1.0,1.0,1.0,108.7561794625547,114.90559244023473,113.18564094895609,1.1842655000000377
