epoch,train_loss,select_recall_at_20,select_recall_at_50,select_hitrate_at_50,select_ndcg_at_50
1,6.434344562099346,0.0,0.0,0.0,0.0
2,6.228265743077046,0.0,0.0,0.0,0.0
3,6.178174647899871,0.0,0.0,0.0,0.0
4,6.104858119561701,0.0,0.0,0.0,0.0
5,5.99015523737719,0.0,0.0,0.0,0.0
6,5.8462878879292655,0.0,0.00012980269989615784,0.0010384215991692627,4.7287238159284316e-05
7,5.666411617543001,0.00012980269989615784,0.0011682242990654205,0.0020768431983385254,0.0002688459778002929
8,5.468433115341427,0.0016874350986500518,0.0016874350986500518,0.003115264797507788,0.0008048711125848476
9,5.269853845636864,0.0011682242990654205,0.002336448598130841,0.003115264797507788,0.0015515015232498344
10,5.088407855715602,0.0011682242990654205,0.0018172377985462098,0.003115264797507788,0.001481230253463277
