Model,K,Recall,HitRate,NDCG
TT_V0_PV_UNIFORM,10,0.002564102564102564,0.002564102564102564,0.0009199942971588863
TT_V0_PV_UNIFORM,20,0.0029914529914529917,0.003418803418803419,0.0010661764202936881
TT_V0_PV_UNIFORM,50,0.0038461538461538464,0.004273504273504274,0.0012209136824988507
TT_V1_BUY_UNIFORM,10,0.004273504273504274,0.005128205128205128,0.001903214114298718
TT_V1_BUY_UNIFORM,20,0.004273504273504274,0.005128205128205128,0.001903214114298718
TT_V1_BUY_UNIFORM,50,0.011965811965811967,0.01282051282051282,0.0034527378733873546
TT_V2_MULTI_UNIFORM,10,7.77000777000777e-05,0.0008547008547008547,5.437674205038608e-05
TT_V2_MULTI_UNIFORM,20,0.003069153069153069,0.005128205128205128,0.0008583143844641802
TT_V2_MULTI_UNIFORM,50,0.007057757057757058,0.010256410256410256,0.0016771607109268847
